<SLM:component name="wakeup_daemon">
    <SLM:command>/bin/wakeup_daemon</SLM:command>
    <SLM:args> -c /dev/provider/wakeup-binder.json -d</SLM:args>
    <SLM:depend>target_phase3</SLM:depend>
    <SLM:depend>incrouter</SLM:depend>
    <SLM:repair>none</SLM:repair>
    <SLM:waitfor wait="pathname">/dev/mq/inc_display_pwr</SLM:waitfor>
    <SLM:stdout>/dev/null</SLM:stdout>
    <SLM:stderr>/dev/null</SLM:stderr>
    <SLM:type>wakeup_daemon_t</SLM:type>
    <SLM:user>pj_wakeup_daemon:pj_wakeup_daemon</SLM:user>
</SLM:component>
