{
	"logfile" : "/tmp/log_sus_res_comm.txt",
	"slog2" : true,

	"devices": [
		{
			"name" : "VCD",
			"device-nodes": {
				"status": "/dev/vcd/suspend-resume-commander/status",
				"control": "/dev/vcd/suspend-resume-commander/control"
			},
			"exported-pm-devices": [
				{
				  "name": "vcd-touch-pm",
				  "path":  "/dev/vcd/touch/pm"
				},
				{
				  "name": "vcd-faceplate-pm",
				   "path": "/dev/vcd/faceplate/pm"
				},
				{
				  "name": "vcd-brightness-pm",
				   "path": "/dev/vcd/brightness/pm"
				}
			]
		},
		{
			"name" : "IPD",
			"device-nodes": {
				"status": "/dev/ipd/suspend-resume-commander/status",
				"control": "/dev/ipd/suspend-resume-commander/control"
			},
			"exported-pm-devices": [
				{
				  "name": "ipd-faceplate-pm",
				   "path": "/dev/ipd/faceplate/pm"
				},
				{
				  "name": "ipd-brightness-pm",
				   "path": "/dev/ipd/brightness/pm"
				}
			]
		}
	]
}
